{"name":"Epsilon Diary","short_name":"Epsilon Diary","start_url":"/","display":"standalone","background_color":"#0175C2","theme_color":"#0175C2","orientation":"portrait-primary","prefer_related_applications":false,"icons":[{"src":"icons/Icon-192.png","sizes":"192x192","type":"image/png"},{"src":"icons/Icon-512.png","sizes":"512x512","type":"image/png"}],"scope":"/","categories":["education","productivity"],"description":"An advanced school management system to streamline administrative tasks and enhance communication.","related_applications":[],"iarc_rating_id":"e-12345678"}